{"stat.useItem.65":3,"stat.useItem.155":128,"stat.walkOneCm":379267,"stat.useItem.279":27,"stat.leaveGame":1,"stat.craftItem.65":3,"stat.jump":932,"stat.useItem.324":44,"stat.fallOneCm":19973,"stat.climbOneCm":3048,"achievement.exploreAllBiomes":{"value":0,"progress":["Plains"]},"stat.mineBlock.53":5,"achievement.openInventory":31,"stat.craftItem.280":12,"stat.mineBlock.5":21,"stat.mineBlock.3":51,"stat.useItem.53":11,"stat.craftItem.58":1,"stat.flyOneCm":144135,"stat.drop":56,"stat.playOneMinute":280744,"stat.craftItem.53":8,"stat.useItem.4":64,"stat.useItem.5":37,"stat.useItem.3":144,"stat.useItem.58":1}